{"cameraMode":{"drawMode":0,"name":"Shaded","section":"Shading Mode"},"sceneLighting":true,"audioPlay":false,"sceneViewState":{"showFog":true,"showMaterialUpdate":false,"showSkybox":true,"showFlares":true,"showImageEffects":true,"showParticleSystems":true},"in2DMode":false,"pivot":{"x":-0.8390249609947205,"y":0.1677141785621643,"z":3.2677526473999025},"rotation":{"x":-0.17766979336738587,"y":0.34723517298698428,"z":-0.0671849399805069,"w":-0.9183404445648193},"size":10.264991760253907,"orthographic":false}