{"cameraMode":{"drawMode":0,"name":"Shaded","section":"Shading Mode"},"sceneLighting":true,"audioPlay":false,"sceneViewState":{"showFog":true,"showMaterialUpdate":false,"showSkybox":true,"showFlares":true,"showImageEffects":true,"showParticleSystems":true},"in2DMode":false,"pivot":{"x":0.0859619751572609,"y":1.121024250984192,"z":2.309549570083618},"rotation":{"x":0.1392386257648468,"y":-0.5135762095451355,"z":0.0848940908908844,"w":0.8424056768417358},"size":8.139305114746094,"orthographic":false}