{"count":1,"gauges":{"RobotBrain.CumulativeReward":{"count":5,"max":1,"min":-1,"value":1,"weightedAverage":-0.5}},"self":48.0978944,"total":48.8886476,"children":{"AgentSendState":{"count":2405,"self":0.051076199999999995,"total":0.0630577,"children":{"CollectObservations":{"count":241,"self":0.010979899999999999,"total":0.010979899999999999,"children":null},"CollectDiscreteActionMasks":{"count":241,"self":0.0010016,"total":0.0010016,"children":null}}},"DecideAction":{"count":2405,"self":0.6858103,"total":0.6858103,"children":null},"AgentAct":{"count":2405,"self":0.0408874,"total":0.0408874,"children":null}}}