{"count":1,"gauges":{"RobotBrain.CumulativeReward":{"count":3,"max":1,"min":-1,"value":1,"weightedAverage":-0.5}},"self":60.463180799999996,"total":60.540720099999994,"children":{"AgentSendState":{"count":3014,"self":0.0279973,"total":0.032963099999999995,"children":{"CollectObservations":{"count":302,"self":0.0039634,"total":0.0039634,"children":null},"CollectDiscreteActionMasks":{"count":302,"self":0.0010023999999999999,"total":0.0010023999999999999,"children":null}}},"DecideAction":{"count":3014,"self":0.0059610999999999996,"total":0.0059610999999999996,"children":null},"AgentAct":{"count":3014,"self":0.038617,"total":0.038617,"children":null}}}